{"libraries":[{"artifactId":{"name":"databinding-adapters","group":"androidx.databinding","version":"+"},"license":"The Apache Software License, Version 2.0","licenseUrl":"http://www.apache.org/licenses/LICENSE-2.0.txt","normalizedLicense":"apache2","libraryName":"databinding-adapters"},{"artifactId":{"name":"databinding-runtime","group":"androidx.databinding","version":"+"},"license":"The Apache Software License, Version 2.0","licenseUrl":"http://www.apache.org/licenses/LICENSE-2.0.txt","normalizedLicense":"apache2","libraryName":"databinding-runtime"},{"artifactId":{"name":"databinding-common","group":"androidx.databinding","version":"+"},"license":"The Apache Software License, Version 2.0","licenseUrl":"http://www.apache.org/licenses/LICENSE-2.0.txt","normalizedLicense":"apache2","url":"http://tools.android.com/","libraryName":"databinding-common"},{"artifactId":{"name":"viewbinding","group":"androidx.databinding","version":"+"},"license":"The Apache Software License, Version 2.0","licenseUrl":"http://www.apache.org/licenses/LICENSE-2.0.txt","normalizedLicense":"apache2","libraryName":"viewbinding"},{"artifactId":{"name":"lifecycle-runtime","group":"androidx.lifecycle","version":"+"},"license":"The Apache Software License, Version 2.0","licenseUrl":"http://www.apache.org/licenses/LICENSE-2.0.txt","normalizedLicense":"apache2","url":"https://developer.android.com/topic/libraries/architecture/index.html","libraryName":"lifecycle-runtime"},{"artifactId":{"name":"collection","group":"androidx.collection","version":"+"},"license":"The Apache Software License, Version 2.0","licenseUrl":"http://www.apache.org/licenses/LICENSE-2.0.txt","normalizedLicense":"apache2","url":"http://developer.android.com/tools/extras/support-library.html","libraryName":"collection"},{"artifactId":{"name":"lifecycle-common","group":"androidx.lifecycle","version":"+"},"license":"The Apache Software License, Version 2.0","licenseUrl":"http://www.apache.org/licenses/LICENSE-2.0.txt","normalizedLicense":"apache2","url":"https://developer.android.com/topic/libraries/architecture/index.html","libraryName":"lifecycle-common"},{"artifactId":{"name":"core-common","group":"androidx.arch.core","version":"+"},"license":"The Apache Software License, Version 2.0","licenseUrl":"http://www.apache.org/licenses/LICENSE-2.0.txt","normalizedLicense":"apache2","url":"https://developer.android.com/topic/libraries/architecture/index.html","libraryName":"core-common"},{"artifactId":{"name":"annotation","group":"androidx.annotation","version":"+"},"license":"The Apache Software License, Version 2.0","licenseUrl":"http://www.apache.org/licenses/LICENSE-2.0.txt","normalizedLicense":"apache2","url":"http://developer.android.com/tools/extras/support-library.html","libraryName":"annotation"},{"artifactId":{"name":"navigation-fragment-ktx","group":"androidx.navigation","version":"+"},"license":"The Apache Software License, Version 2.0","licenseUrl":"http://www.apache.org/licenses/LICENSE-2.0.txt","normalizedLicense":"apache2","url":"https://developer.android.com/topic/libraries/architecture/index.html","libraryName":"navigation-fragment-ktx"},{"artifactId":{"name":"preference-ktx","group":"androidx.preference","version":"+"},"license":"The Apache Software License, Version 2.0","licenseUrl":"http://www.apache.org/licenses/LICENSE-2.0.txt","normalizedLicense":"apache2","url":"https://developer.android.com/jetpack/androidx","libraryName":"preference-ktx"},{"artifactId":{"name":"fragment-ktx","group":"androidx.fragment","version":"+"},"license":"The Apache Software License, Version 2.0","licenseUrl":"http://www.apache.org/licenses/LICENSE-2.0.txt","normalizedLicense":"apache2","url":"https://developer.android.com/jetpack/androidx/releases/fragment#1.3.6","libraryName":"fragment-ktx"},{"artifactId":{"name":"navigation-ui-ktx","group":"androidx.navigation","version":"+"},"license":"The Apache Software License, Version 2.0","licenseUrl":"http://www.apache.org/licenses/LICENSE-2.0.txt","normalizedLicense":"apache2","url":"https://developer.android.com/topic/libraries/architecture/index.html","libraryName":"navigation-ui-ktx"},{"artifactId":{"name":"navigation-runtime-ktx","group":"androidx.navigation","version":"+"},"license":"The Apache Software License, Version 2.0","licenseUrl":"http://www.apache.org/licenses/LICENSE-2.0.txt","normalizedLicense":"apache2","url":"https://developer.android.com/topic/libraries/architecture/index.html","libraryName":"navigation-runtime-ktx"},{"artifactId":{"name":"activity-ktx","group":"androidx.activity","version":"+"},"license":"The Apache Software License, Version 2.0","licenseUrl":"http://www.apache.org/licenses/LICENSE-2.0.txt","normalizedLicense":"apache2","url":"https://developer.android.com/jetpack/androidx/releases/activity#1.2.2","libraryName":"activity-ktx"},{"artifactId":{"name":"navigation-common-ktx","group":"androidx.navigation","version":"+"},"license":"The Apache Software License, Version 2.0","licenseUrl":"http://www.apache.org/licenses/LICENSE-2.0.txt","normalizedLicense":"apache2","url":"https://developer.android.com/topic/libraries/architecture/index.html","libraryName":"navigation-common-ktx"},{"artifactId":{"name":"core-ktx","group":"androidx.core","version":"+"},"license":"The Apache Software License, Version 2.0","licenseUrl":"http://www.apache.org/licenses/LICENSE-2.0.txt","normalizedLicense":"apache2","url":"https://developer.android.com/jetpack/androidx/releases/core#1.6.0","libraryName":"core-ktx"},{"artifactId":{"name":"kotlin-stdlib-jdk7","group":"org.jetbrains.kotlin","version":"+"},"license":"The Apache License, Version 2.0","licenseUrl":"http://www.apache.org/licenses/LICENSE-2.0.txt","normalizedLicense":"apache2","url":"https://kotlinlang.org/","libraryName":"kotlin-stdlib-jdk7"},{"artifactId":{"name":"navigation-ui","group":"androidx.navigation","version":"+"},"license":"The Apache Software License, Version 2.0","licenseUrl":"http://www.apache.org/licenses/LICENSE-2.0.txt","normalizedLicense":"apache2","url":"https://developer.android.com/topic/libraries/architecture/index.html","libraryName":"navigation-ui"},{"artifactId":{"name":"material","group":"com.google.android.material","version":"+"},"license":"The Apache Software License, Version 2.0","licenseUrl":"http://www.apache.org/licenses/LICENSE-2.0.txt","normalizedLicense":"apache2","url":"https://github.com/material-components/material-components-android","libraryName":"material"},{"artifactId":{"name":"constraintlayout","group":"androidx.constraintlayout","version":"+"},"license":"The Apache Software License, Version 2.0","licenseUrl":"http://www.apache.org/licenses/LICENSE-2.0.txt","normalizedLicense":"apache2","url":"http://tools.android.com","libraryName":"constraintlayout"},{"artifactId":{"name":"preference","group":"androidx.preference","version":"+"},"license":"The Apache Software License, Version 2.0","licenseUrl":"http://www.apache.org/licenses/LICENSE-2.0.txt","normalizedLicense":"apache2","url":"https://developer.android.com/jetpack/androidx","libraryName":"preference"},{"artifactId":{"name":"appcompat","group":"androidx.appcompat","version":"+"},"license":"The Apache Software License, Version 2.0","licenseUrl":"http://www.apache.org/licenses/LICENSE-2.0.txt","normalizedLicense":"apache2","url":"https://developer.android.com/jetpack/androidx/releases/appcompat#1.3.1","libraryName":"appcompat"},{"artifactId":{"name":"cardview","group":"androidx.cardview","version":"+"},"license":"The Apache Software License, Version 2.0","licenseUrl":"http://www.apache.org/licenses/LICENSE-2.0.txt","normalizedLicense":"apache2","url":"http://developer.android.com/tools/extras/support-library.html","libraryName":"cardview"},{"artifactId":{"name":"collection-ktx","group":"androidx.collection","version":"+"},"license":"The Apache Software License, Version 2.0","licenseUrl":"http://www.apache.org/licenses/LICENSE-2.0.txt","normalizedLicense":"apache2","url":"http://developer.android.com/tools/extras/support-library.html","libraryName":"collection-ktx"},{"artifactId":{"name":"viewpager2","group":"androidx.viewpager2","version":"+"},"license":"The Apache Software License, Version 2.0","licenseUrl":"http://www.apache.org/licenses/LICENSE-2.0.txt","normalizedLicense":"apache2","url":"https://developer.android.com/jetpack/androidx","libraryName":"viewpager2"},{"artifactId":{"name":"recyclerview","group":"androidx.recyclerview","version":"+"},"license":"The Apache Software License, Version 2.0","licenseUrl":"http://www.apache.org/licenses/LICENSE-2.0.txt","normalizedLicense":"apache2","url":"https://developer.android.com/jetpack/androidx/releases/recyclerview#1.2.1","libraryName":"recyclerview"},{"artifactId":{"name":"room-ktx","group":"androidx.room","version":"+"},"license":"The Apache Software License, Version 2.0","licenseUrl":"http://www.apache.org/licenses/LICENSE-2.0.txt","normalizedLicense":"apache2","url":"https://developer.android.com/jetpack/androidx/releases/room#2.3.0","libraryName":"room-ktx"},{"artifactId":{"name":"room-runtime","group":"androidx.room","version":"+"},"license":"The Apache Software License, Version 2.0","licenseUrl":"http://www.apache.org/licenses/LICENSE-2.0.txt","normalizedLicense":"apache2","url":"https://developer.android.com/jetpack/androidx/releases/room#2.3.0","libraryName":"room-runtime"},{"artifactId":{"name":"lifecycle-extensions","group":"androidx.lifecycle","version":"+"},"license":"The Apache Software License, Version 2.0","licenseUrl":"http://www.apache.org/licenses/LICENSE-2.0.txt","normalizedLicense":"apache2","url":"https://developer.android.com/topic/libraries/architecture/index.html","libraryName":"lifecycle-extensions"},{"artifactId":{"name":"lifecycle-livedata-ktx","group":"androidx.lifecycle","version":"+"},"license":"The Apache Software License, Version 2.0","licenseUrl":"http://www.apache.org/licenses/LICENSE-2.0.txt","normalizedLicense":"apache2","url":"https://developer.android.com/jetpack/androidx/releases/lifecycle#2.3.1","libraryName":"lifecycle-livedata-ktx"},{"artifactId":{"name":"lifecycle-runtime-ktx","group":"androidx.lifecycle","version":"+"},"license":"The Apache Software License, Version 2.0","licenseUrl":"http://www.apache.org/licenses/LICENSE-2.0.txt","normalizedLicense":"apache2","url":"https://developer.android.com/jetpack/androidx/releases/lifecycle#2.3.1","libraryName":"lifecycle-runtime-ktx"},{"artifactId":{"name":"lifecycle-viewmodel-ktx","group":"androidx.lifecycle","version":"+"},"license":"The Apache Software License, Version 2.0","licenseUrl":"http://www.apache.org/licenses/LICENSE-2.0.txt","normalizedLicense":"apache2","url":"https://developer.android.com/jetpack/androidx/releases/lifecycle#2.3.1","libraryName":"lifecycle-viewmodel-ktx"},{"artifactId":{"name":"hilt-android","group":"com.google.dagger","version":"+"},"license":"Apache 2.0","licenseUrl":"https://www.apache.org/licenses/LICENSE-2.0.txt","normalizedLicense":"apache2","url":"https://github.com/google/dagger","libraryName":"hilt-android"},{"artifactId":{"name":"bcpkix-jdk15on","group":"com.madgag.spongycastle","version":"+"},"license":"Bouncy Castle Licence","licenseUrl":"http://www.bouncycastle.org/licence.html","normalizedLicense":"Bouncy Castle Licence","url":"http://rtyley.github.io/spongycastle/","libraryName":"bcpkix-jdk15on"},{"artifactId":{"name":"core","group":"org.monora.uprotocol","version":"+"},"license":"MIT License","licenseUrl":"https://github.com/uprotocol/platform-java/blob/master/LICENSE","normalizedLicense":"mit","url":"https://github.com/uprotocol","libraryName":"core"},{"artifactId":{"name":"maven-artifact","group":"org.apache.maven","version":"+"},"normalizedLicense":"","libraryName":"maven-artifact"},{"artifactId":{"name":"gson","group":"com.google.code.gson","version":"+"},"normalizedLicense":"","libraryName":"gson"},{"artifactId":{"name":"okhttp3-integration","group":"com.github.bumptech.glide","version":"+"},"license":"Simplified BSD License","licenseUrl":"http://www.opensource.org/licenses/bsd-license","normalizedLicense":"bsd_2_clauses","url":"https://github.com/bumptech/glide","libraryName":"okhttp3-integration"},{"artifactId":{"name":"glide","group":"com.github.bumptech.glide","version":"+"},"license":"Simplified BSD License","licenseUrl":"http://www.opensource.org/licenses/bsd-license","normalizedLicense":"bsd_2_clauses","url":"https://github.com/bumptech/glide","libraryName":"glide"},{"artifactId":{"name":"api","group":"com.yanzhenjie.andserver","version":"+"},"license":"The Apache Software License, Version 2.0","licenseUrl":"http://www.apache.org/licenses/LICENSE-2.0.txt","normalizedLicense":"apache2","url":"https://github.com/yanzhenjie/AndServer/","libraryName":"api"},{"artifactId":{"name":"core","group":"com.google.zxing","version":"+"},"normalizedLicense":"","libraryName":"core"},{"artifactId":{"name":"core","group":"io.noties.markwon","version":"+"},"license":"The Apache Software License, Version 2.0","licenseUrl":"http://www.apache.org/licenses/LICENSE-2.0.txt","normalizedLicense":"apache2","url":"https://github.com/noties/Markwon","libraryName":"core"},{"artifactId":{"name":"lifecycle-livedata-core-ktx","group":"androidx.lifecycle","version":"+"},"license":"The Apache Software License, Version 2.0","licenseUrl":"http://www.apache.org/licenses/LICENSE-2.0.txt","normalizedLicense":"apache2","url":"https://developer.android.com/jetpack/androidx/releases/lifecycle#2.3.1","libraryName":"lifecycle-livedata-core-ktx"},{"artifactId":{"name":"savedstate-ktx","group":"androidx.savedstate","version":"+"},"license":"The Apache Software License, Version 2.0","licenseUrl":"http://www.apache.org/licenses/LICENSE-2.0.txt","normalizedLicense":"apache2","url":"https://developer.android.com/jetpack/androidx/releases/savedstate#1.1.0","libraryName":"savedstate-ktx"},{"artifactId":{"name":"kotlinx-coroutines-android","group":"org.jetbrains.kotlinx","version":"+"},"license":"The Apache Software License, Version 2.0","licenseUrl":"https://www.apache.org/licenses/LICENSE-2.0.txt","normalizedLicense":"apache2","url":"https://github.com/Kotlin/kotlinx.coroutines","libraryName":"kotlinx-coroutines-android"},{"artifactId":{"name":"kotlinx-coroutines-core-jvm","group":"org.jetbrains.kotlinx","version":"+"},"license":"The Apache Software License, Version 2.0","licenseUrl":"https://www.apache.org/licenses/LICENSE-2.0.txt","normalizedLicense":"apache2","url":"https://github.com/Kotlin/kotlinx.coroutines","libraryName":"kotlinx-coroutines-core-jvm"},{"artifactId":{"name":"kotlin-stdlib","group":"org.jetbrains.kotlin","version":"+"},"license":"The Apache License, Version 2.0","licenseUrl":"http://www.apache.org/licenses/LICENSE-2.0.txt","normalizedLicense":"apache2","url":"https://kotlinlang.org/","libraryName":"kotlin-stdlib"},{"artifactId":{"name":"navigation-fragment","group":"androidx.navigation","version":"+"},"license":"The Apache Software License, Version 2.0","licenseUrl":"http://www.apache.org/licenses/LICENSE-2.0.txt","normalizedLicense":"apache2","url":"https://developer.android.com/topic/libraries/architecture/index.html","libraryName":"navigation-fragment"},{"artifactId":{"name":"fragment","group":"androidx.fragment","version":"+"},"license":"The Apache Software License, Version 2.0","licenseUrl":"http://www.apache.org/licenses/LICENSE-2.0.txt","normalizedLicense":"apache2","url":"https://developer.android.com/jetpack/androidx/releases/fragment#1.3.6","libraryName":"fragment"},{"artifactId":{"name":"navigation-runtime","group":"androidx.navigation","version":"+"},"license":"The Apache Software License, Version 2.0","licenseUrl":"http://www.apache.org/licenses/LICENSE-2.0.txt","normalizedLicense":"apache2","url":"https://developer.android.com/topic/libraries/architecture/index.html","libraryName":"navigation-runtime"},{"artifactId":{"name":"activity","group":"androidx.activity","version":"+"},"license":"The Apache Software License, Version 2.0","licenseUrl":"http://www.apache.org/licenses/LICENSE-2.0.txt","normalizedLicense":"apache2","url":"https://developer.android.com/jetpack/androidx/releases/activity#1.2.4","libraryName":"activity"},{"artifactId":{"name":"appcompat-resources","group":"androidx.appcompat","version":"+"},"license":"The Apache Software License, Version 2.0","licenseUrl":"http://www.apache.org/licenses/LICENSE-2.0.txt","normalizedLicense":"apache2","url":"https://developer.android.com/jetpack/androidx/releases/appcompat#1.3.1","libraryName":"appcompat-resources"},{"artifactId":{"name":"coordinatorlayout","group":"androidx.coordinatorlayout","version":"+"},"license":"The Apache Software License, Version 2.0","licenseUrl":"http://www.apache.org/licenses/LICENSE-2.0.txt","normalizedLicense":"apache2","url":"https://developer.android.com/jetpack/androidx","libraryName":"coordinatorlayout"},{"artifactId":{"name":"dynamicanimation","group":"androidx.dynamicanimation","version":"+"},"license":"The Apache Software License, Version 2.0","licenseUrl":"http://www.apache.org/licenses/LICENSE-2.0.txt","normalizedLicense":"apache2","url":"http://developer.android.com/tools/extras/support-library.html","libraryName":"dynamicanimation"},{"artifactId":{"name":"vectordrawable-animated","group":"androidx.vectordrawable","version":"+"},"license":"The Apache Software License, Version 2.0","licenseUrl":"http://www.apache.org/licenses/LICENSE-2.0.txt","normalizedLicense":"apache2","url":"https://developer.android.com/jetpack/androidx","libraryName":"vectordrawable-animated"},{"artifactId":{"name":"vectordrawable","group":"androidx.vectordrawable","version":"+"},"license":"The Apache Software License, Version 2.0","licenseUrl":"http://www.apache.org/licenses/LICENSE-2.0.txt","normalizedLicense":"apache2","url":"https://developer.android.com/jetpack/androidx","libraryName":"vectordrawable"},{"artifactId":{"name":"viewpager","group":"androidx.viewpager","version":"+"},"license":"The Apache Software License, Version 2.0","licenseUrl":"http://www.apache.org/licenses/LICENSE-2.0.txt","normalizedLicense":"apache2","url":"http://developer.android.com/tools/extras/support-library.html","libraryName":"viewpager"},{"artifactId":{"name":"legacy-support-core-utils","group":"androidx.legacy","version":"+"},"license":"The Apache Software License, Version 2.0","licenseUrl":"http://www.apache.org/licenses/LICENSE-2.0.txt","normalizedLicense":"apache2","url":"http://developer.android.com/tools/extras/support-library.html","libraryName":"legacy-support-core-utils"},{"artifactId":{"name":"loader","group":"androidx.loader","version":"+"},"license":"The Apache Software License, Version 2.0","licenseUrl":"http://www.apache.org/licenses/LICENSE-2.0.txt","normalizedLicense":"apache2","url":"http://developer.android.com/tools/extras/support-library.html","libraryName":"loader"},{"artifactId":{"name":"drawerlayout","group":"androidx.drawerlayout","version":"+"},"license":"The Apache Software License, Version 2.0","licenseUrl":"http://www.apache.org/licenses/LICENSE-2.0.txt","normalizedLicense":"apache2","url":"https://developer.android.com/jetpack/androidx","libraryName":"drawerlayout"},{"artifactId":{"name":"customview","group":"androidx.customview","version":"+"},"license":"The Apache Software License, Version 2.0","licenseUrl":"http://www.apache.org/licenses/LICENSE-2.0.txt","normalizedLicense":"apache2","url":"https://developer.android.com/jetpack/androidx","libraryName":"customview"},{"artifactId":{"name":"transition","group":"androidx.transition","version":"+"},"license":"The Apache Software License, Version 2.0","licenseUrl":"http://www.apache.org/licenses/LICENSE-2.0.txt","normalizedLicense":"apache2","url":"https://developer.android.com/jetpack/androidx","libraryName":"transition"},{"artifactId":{"name":"navigation-common","group":"androidx.navigation","version":"+"},"license":"The Apache Software License, Version 2.0","licenseUrl":"http://www.apache.org/licenses/LICENSE-2.0.txt","normalizedLicense":"apache2","url":"https://developer.android.com/topic/libraries/architecture/index.html","libraryName":"navigation-common"},{"artifactId":{"name":"core","group":"androidx.core","version":"+"},"license":"The Apache Software License, Version 2.0","licenseUrl":"http://www.apache.org/licenses/LICENSE-2.0.txt","normalizedLicense":"apache2","url":"https://developer.android.com/jetpack/androidx/releases/core#1.6.0","libraryName":"core"},{"artifactId":{"name":"cursoradapter","group":"androidx.cursoradapter","version":"+"},"license":"The Apache Software License, Version 2.0","licenseUrl":"http://www.apache.org/licenses/LICENSE-2.0.txt","normalizedLicense":"apache2","url":"http://developer.android.com/tools/extras/support-library.html","libraryName":"cursoradapter"},{"artifactId":{"name":"lifecycle-viewmodel-savedstate","group":"androidx.lifecycle","version":"+"},"license":"The Apache Software License, Version 2.0","licenseUrl":"http://www.apache.org/licenses/LICENSE-2.0.txt","normalizedLicense":"apache2","url":"https://developer.android.com/jetpack/androidx/releases/lifecycle#2.3.1","libraryName":"lifecycle-viewmodel-savedstate"},{"artifactId":{"name":"savedstate","group":"androidx.savedstate","version":"+"},"license":"The Apache Software License, Version 2.0","licenseUrl":"http://www.apache.org/licenses/LICENSE-2.0.txt","normalizedLicense":"apache2","url":"https://developer.android.com/jetpack/androidx/releases/savedstate#1.1.0","libraryName":"savedstate"},{"artifactId":{"name":"lifecycle-process","group":"androidx.lifecycle","version":"+"},"license":"The Apache Software License, Version 2.0","licenseUrl":"http://www.apache.org/licenses/LICENSE-2.0.txt","normalizedLicense":"apache2","url":"https://developer.android.com/topic/libraries/architecture/index.html","libraryName":"lifecycle-process"},{"artifactId":{"name":"lifecycle-service","group":"androidx.lifecycle","version":"+"},"license":"The Apache Software License, Version 2.0","licenseUrl":"http://www.apache.org/licenses/LICENSE-2.0.txt","normalizedLicense":"apache2","url":"https://developer.android.com/topic/libraries/architecture/index.html","libraryName":"lifecycle-service"},{"artifactId":{"name":"lifecycle-runtime","group":"androidx.lifecycle","version":"+"},"license":"The Apache Software License, Version 2.0","licenseUrl":"http://www.apache.org/licenses/LICENSE-2.0.txt","normalizedLicense":"apache2","url":"https://developer.android.com/jetpack/androidx/releases/lifecycle#2.3.1","libraryName":"lifecycle-runtime"},{"artifactId":{"name":"lifecycle-viewmodel","group":"androidx.lifecycle","version":"+"},"license":"The Apache Software License, Version 2.0","licenseUrl":"http://www.apache.org/licenses/LICENSE-2.0.txt","normalizedLicense":"apache2","url":"https://developer.android.com/jetpack/androidx/releases/lifecycle#2.3.1","libraryName":"lifecycle-viewmodel"},{"artifactId":{"name":"versionedparcelable","group":"androidx.versionedparcelable","version":"+"},"license":"The Apache Software License, Version 2.0","licenseUrl":"http://www.apache.org/licenses/LICENSE-2.0.txt","normalizedLicense":"apache2","url":"http://developer.android.com/tools/extras/support-library.html","libraryName":"versionedparcelable"},{"artifactId":{"name":"collection","group":"androidx.collection","version":"+"},"license":"The Apache Software License, Version 2.0","licenseUrl":"http://www.apache.org/licenses/LICENSE-2.0.txt","normalizedLicense":"apache2","url":"http://developer.android.com/tools/extras/support-library.html","libraryName":"collection"},{"artifactId":{"name":"room-common","group":"androidx.room","version":"+"},"license":"The Apache Software License, Version 2.0","licenseUrl":"http://www.apache.org/licenses/LICENSE-2.0.txt","normalizedLicense":"apache2","url":"https://developer.android.com/jetpack/androidx/releases/room#2.3.0","libraryName":"room-common"},{"artifactId":{"name":"sqlite-framework","group":"androidx.sqlite","version":"+"},"license":"The Apache Software License, Version 2.0","licenseUrl":"http://www.apache.org/licenses/LICENSE-2.0.txt","normalizedLicense":"apache2","url":"https://developer.android.com/topic/libraries/architecture/index.html","libraryName":"sqlite-framework"},{"artifactId":{"name":"sqlite","group":"androidx.sqlite","version":"+"},"license":"The Apache Software License, Version 2.0","licenseUrl":"http://www.apache.org/licenses/LICENSE-2.0.txt","normalizedLicense":"apache2","url":"https://developer.android.com/topic/libraries/architecture/index.html","libraryName":"sqlite"},{"artifactId":{"name":"lifecycle-livedata","group":"androidx.lifecycle","version":"+"},"license":"The Apache Software License, Version 2.0","licenseUrl":"http://www.apache.org/licenses/LICENSE-2.0.txt","normalizedLicense":"apache2","url":"https://developer.android.com/jetpack/androidx/releases/lifecycle#2.3.1","libraryName":"lifecycle-livedata"},{"artifactId":{"name":"lifecycle-livedata-core","group":"androidx.lifecycle","version":"+"},"license":"The Apache Software License, Version 2.0","licenseUrl":"http://www.apache.org/licenses/LICENSE-2.0.txt","normalizedLicense":"apache2","url":"https://developer.android.com/jetpack/androidx/releases/lifecycle#2.3.1","libraryName":"lifecycle-livedata-core"},{"artifactId":{"name":"core-runtime","group":"androidx.arch.core","version":"+"},"license":"The Apache Software License, Version 2.0","licenseUrl":"http://www.apache.org/licenses/LICENSE-2.0.txt","normalizedLicense":"apache2","url":"https://developer.android.com/topic/libraries/architecture/index.html","libraryName":"core-runtime"},{"artifactId":{"name":"core-common","group":"androidx.arch.core","version":"+"},"license":"The Apache Software License, Version 2.0","licenseUrl":"http://www.apache.org/licenses/LICENSE-2.0.txt","normalizedLicense":"apache2","url":"https://developer.android.com/topic/libraries/architecture/index.html","libraryName":"core-common"},{"artifactId":{"name":"lifecycle-common","group":"androidx.lifecycle","version":"+"},"license":"The Apache Software License, Version 2.0","licenseUrl":"http://www.apache.org/licenses/LICENSE-2.0.txt","normalizedLicense":"apache2","url":"https://developer.android.com/jetpack/androidx/releases/lifecycle#2.3.1","libraryName":"lifecycle-common"},{"artifactId":{"name":"gifdecoder","group":"com.github.bumptech.glide","version":"+"},"license":"Simplified BSD License","licenseUrl":"http://www.opensource.org/licenses/bsd-license","normalizedLicense":"bsd_2_clauses","url":"https://github.com/bumptech/glide","libraryName":"gifdecoder"},{"artifactId":{"name":"exifinterface","group":"androidx.exifinterface","version":"+"},"license":"The Apache Software License, Version 2.0","licenseUrl":"http://www.apache.org/licenses/LICENSE-2.0.txt","normalizedLicense":"apache2","url":"https://developer.android.com/jetpack/androidx","libraryName":"exifinterface"},{"artifactId":{"name":"tracing","group":"androidx.tracing","version":"+"},"license":"The Apache Software License, Version 2.0","licenseUrl":"http://www.apache.org/licenses/LICENSE-2.0.txt","normalizedLicense":"apache2","url":"https://developer.android.com/jetpack/androidx/releases/tracing#1.0.0","libraryName":"tracing"},{"artifactId":{"name":"interpolator","group":"androidx.interpolator","version":"+"},"license":"The Apache Software License, Version 2.0","licenseUrl":"http://www.apache.org/licenses/LICENSE-2.0.txt","normalizedLicense":"apache2","url":"http://developer.android.com/tools/extras/support-library.html","libraryName":"interpolator"},{"artifactId":{"name":"documentfile","group":"androidx.documentfile","version":"+"},"license":"The Apache Software License, Version 2.0","licenseUrl":"http://www.apache.org/licenses/LICENSE-2.0.txt","normalizedLicense":"apache2","url":"http://developer.android.com/tools/extras/support-library.html","libraryName":"documentfile"},{"artifactId":{"name":"localbroadcastmanager","group":"androidx.localbroadcastmanager","version":"+"},"license":"The Apache Software License, Version 2.0","licenseUrl":"http://www.apache.org/licenses/LICENSE-2.0.txt","normalizedLicense":"apache2","url":"http://developer.android.com/tools/extras/support-library.html","libraryName":"localbroadcastmanager"},{"artifactId":{"name":"print","group":"androidx.print","version":"+"},"license":"The Apache Software License, Version 2.0","licenseUrl":"http://www.apache.org/licenses/LICENSE-2.0.txt","normalizedLicense":"apache2","url":"http://developer.android.com/tools/extras/support-library.html","libraryName":"print"},{"artifactId":{"name":"annotation","group":"androidx.annotation","version":"+"},"license":"The Apache Software License, Version 2.0","licenseUrl":"http://www.apache.org/licenses/LICENSE-2.0.txt","normalizedLicense":"apache2","url":"https://developer.android.com/jetpack/androidx/releases/annotation#1.2.0","libraryName":"annotation"},{"artifactId":{"name":"constraintlayout-core","group":"androidx.constraintlayout","version":"+"},"license":"The Apache Software License, Version 2.0","licenseUrl":"http://www.apache.org/licenses/LICENSE-2.0.txt","normalizedLicense":"apache2","url":"http://tools.android.com","libraryName":"constraintlayout-core"},{"artifactId":{"name":"annotation-experimental","group":"androidx.annotation","version":"+"},"license":"The Apache Software License, Version 2.0","licenseUrl":"http://www.apache.org/licenses/LICENSE-2.0.txt","normalizedLicense":"apache2","url":"https://developer.android.com/jetpack/androidx/releases/annotation#1.1.0","libraryName":"annotation-experimental"},{"artifactId":{"name":"hilt-core","group":"com.google.dagger","version":"+"},"license":"Apache 2.0","licenseUrl":"https://www.apache.org/licenses/LICENSE-2.0.txt","normalizedLicense":"apache2","url":"https://github.com/google/dagger","libraryName":"hilt-core"},{"artifactId":{"name":"dagger","group":"com.google.dagger","version":"+"},"license":"Apache 2.0","licenseUrl":"https://www.apache.org/licenses/LICENSE-2.0.txt","normalizedLicense":"apache2","url":"https://github.com/google/dagger","libraryName":"dagger"},{"artifactId":{"name":"dagger-lint-aar","group":"com.google.dagger","version":"+"},"license":"Apache 2.0","licenseUrl":"https://www.apache.org/licenses/LICENSE-2.0.txt","normalizedLicense":"apache2","url":"https://github.com/google/dagger","libraryName":"dagger-lint-aar"},{"artifactId":{"name":"jsr305","group":"com.google.code.findbugs","version":"+"},"license":"The Apache Software License, Version 2.0","licenseUrl":"http://www.apache.org/licenses/LICENSE-2.0.txt","normalizedLicense":"apache2","url":"http://findbugs.sourceforge.net/","libraryName":"jsr305"},{"artifactId":{"name":"javax.inject","group":"javax.inject","version":"+"},"license":"The Apache Software License, Version 2.0","licenseUrl":"http://www.apache.org/licenses/LICENSE-2.0.txt","normalizedLicense":"apache2","url":"http://code.google.com/p/atinject/","libraryName":"javax.inject"},{"artifactId":{"name":"prov","group":"com.madgag.spongycastle","version":"+"},"license":"Bouncy Castle Licence","licenseUrl":"http://www.bouncycastle.org/licence.html","normalizedLicense":"Bouncy Castle Licence","url":"http://rtyley.github.io/spongycastle/","libraryName":"prov"},{"artifactId":{"name":"core","group":"com.madgag.spongycastle","version":"+"},"license":"Bouncy Castle Licence","licenseUrl":"http://www.bouncycastle.org/licence.html","normalizedLicense":"Bouncy Castle Licence","url":"http://rtyley.github.io/spongycastle/","libraryName":"core"},{"artifactId":{"name":"core","group":"org.monora.coolsocket","version":"+"},"license":"MIT License","licenseUrl":"https://github.com/libcoolsocket/java/blob/master/LICENSE","normalizedLicense":"mit","url":"https://github.com/libcoolsocket","libraryName":"core"},{"artifactId":{"name":"json","group":"org.json","version":"+"},"license":"The JSON License","licenseUrl":"http://json.org/license.html","normalizedLicense":"The JSON License","url":"https://github.com/douglascrockford/JSON-java","libraryName":"json"},{"artifactId":{"name":"base64","group":"net.iharder","version":"+"},"license":"Public domain","normalizedLicense":"Public domain","url":"http://iharder.net/base64/","libraryName":"base64"},{"artifactId":{"name":"annotations","group":"org.jetbrains","version":"+"},"license":"The Apache Software License, Version 2.0","licenseUrl":"https://www.apache.org/licenses/LICENSE-2.0.txt","normalizedLicense":"apache2","url":"https://github.com/JetBrains/java-annotations","libraryName":"annotations"},{"artifactId":{"name":"plexus-utils","group":"org.codehaus.plexus","version":"+"},"normalizedLicense":"","libraryName":"plexus-utils"},{"artifactId":{"name":"commons-lang3","group":"org.apache.commons","version":"+"},"normalizedLicense":"","url":"http://commons.apache.org/proper/commons-lang/","libraryName":"commons-lang3"},{"artifactId":{"name":"disklrucache","group":"com.github.bumptech.glide","version":"+"},"license":"Simplified BSD License","licenseUrl":"http://www.opensource.org/licenses/bsd-license","normalizedLicense":"bsd_2_clauses","url":"https://github.com/bumptech/glide","libraryName":"disklrucache"},{"artifactId":{"name":"annotations","group":"com.github.bumptech.glide","version":"+"},"license":"Simplified BSD License","licenseUrl":"http://www.opensource.org/licenses/bsd-license","normalizedLicense":"bsd_2_clauses","url":"https://github.com/bumptech/glide","libraryName":"annotations"},{"artifactId":{"name":"annotation","group":"com.yanzhenjie.andserver","version":"+"},"license":"The Apache Software License, Version 2.0","licenseUrl":"http://www.apache.org/licenses/LICENSE-2.0.txt","normalizedLicense":"apache2","url":"https://github.com/yanzhenjie/AndServer/","libraryName":"annotation"},{"artifactId":{"name":"httpcore","group":"com.yanzhenjie.apache","version":"+"},"license":"The Apache Software License, Version 2.0","licenseUrl":"http://www.apache.org/licenses/LICENSE-2.0.txt","normalizedLicense":"apache2","url":"https://github.com/yanzhenjie/apache-compnents/","libraryName":"httpcore"},{"artifactId":{"name":"fileupload","group":"com.yanzhenjie.apache","version":"+"},"license":"The Apache Software License, Version 2.0","licenseUrl":"http://www.apache.org/licenses/LICENSE-2.0.txt","normalizedLicense":"apache2","url":"https://github.com/yanzhenjie/apache-compnents","libraryName":"fileupload"},{"artifactId":{"name":"okhttp","group":"com.squareup.okhttp3","version":"+"},"normalizedLicense":"","libraryName":"okhttp"},{"artifactId":{"name":"commonmark","group":"com.atlassian.commonmark","version":"+"},"normalizedLicense":"","libraryName":"commonmark"},{"artifactId":{"name":"kotlin-stdlib-common","group":"org.jetbrains.kotlin","version":"+"},"license":"The Apache License, Version 2.0","licenseUrl":"http://www.apache.org/licenses/LICENSE-2.0.txt","normalizedLicense":"apache2","url":"https://kotlinlang.org/","libraryName":"kotlin-stdlib-common"},{"artifactId":{"name":"junit","group":"junit","version":"+"},"license":"Eclipse Public License 1.0","licenseUrl":"http://www.eclipse.org/legal/epl-v10.html","normalizedLicense":"epl1","url":"http://junit.org","libraryName":"junit"},{"artifactId":{"name":"commons-io","group":"commons-io","version":"+"},"normalizedLicense":"","url":"http://commons.apache.org/proper/commons-io/","libraryName":"commons-io"},{"artifactId":{"name":"okio","group":"com.squareup.okio","version":"+"},"normalizedLicense":"","libraryName":"okio"},{"artifactId":{"name":"hamcrest-core","group":"org.hamcrest","version":"+"},"normalizedLicense":"","libraryName":"hamcrest-core"},{"artifactId":{"name":"constraintlayout","group":"androidx.constraintlayout","version":"+"},"license":"The Apache Software License, Version 2.0","licenseUrl":"http://www.apache.org/licenses/LICENSE-2.0.txt","normalizedLicense":"apache2","url":"http://tools.android.com","libraryName":"constraintlayout"},{"artifactId":{"name":"http-request","group":"com.github.kevinsawicki","version":"+"},"license":"MIT License","licenseUrl":"http://www.opensource.org/licenses/mit-license.php","normalizedLicense":"mit","url":"https://github.com/kevinsawicki/http-request","libraryName":"http-request"},{"artifactId":{"name":"drawerlayout","group":"androidx.drawerlayout","version":"+"},"license":"The Apache Software License, Version 2.0","licenseUrl":"http://www.apache.org/licenses/LICENSE-2.0.txt","normalizedLicense":"apache2","url":"http://developer.android.com/tools/extras/support-library.html","libraryName":"drawerlayout"},{"artifactId":{"name":"transition","group":"androidx.transition","version":"+"},"license":"The Apache Software License, Version 2.0","licenseUrl":"http://www.apache.org/licenses/LICENSE-2.0.txt","normalizedLicense":"apache2","url":"https://developer.android.com/jetpack/androidx","libraryName":"transition"},{"artifactId":{"name":"customview","group":"androidx.customview","version":"+"},"license":"The Apache Software License, Version 2.0","licenseUrl":"http://www.apache.org/licenses/LICENSE-2.0.txt","normalizedLicense":"apache2","url":"http://developer.android.com/tools/extras/support-library.html","libraryName":"customview"},{"artifactId":{"name":"lifecycle-livedata","group":"androidx.lifecycle","version":"+"},"license":"The Apache Software License, Version 2.0","licenseUrl":"http://www.apache.org/licenses/LICENSE-2.0.txt","normalizedLicense":"apache2","url":"https://developer.android.com/topic/libraries/architecture/index.html","libraryName":"lifecycle-livedata"},{"artifactId":{"name":"annotations","group":"org.jetbrains","version":"+"},"license":"The Apache Software License, Version 2.0","licenseUrl":"http://www.apache.org/licenses/LICENSE-2.0.txt","normalizedLicense":"apache2","url":"http://www.jetbrains.org","libraryName":"annotations"},{"artifactId":{"name":"constraintlayout-solver","group":"androidx.constraintlayout","version":"+"},"license":"The Apache Software License, Version 2.0","licenseUrl":"http://www.apache.org/licenses/LICENSE-2.0.txt","normalizedLicense":"apache2","url":"http://tools.android.com","libraryName":"constraintlayout-solver"},{"artifactId":{"name":"appcompat","group":"androidx.appcompat","version":"+"},"license":"The Apache Software License, Version 2.0","licenseUrl":"http://www.apache.org/licenses/LICENSE-2.0.txt","normalizedLicense":"apache2","url":"https://developer.android.com/jetpack/androidx","libraryName":"appcompat"},{"artifactId":{"name":"appcompat-resources","group":"androidx.appcompat","version":"+"},"license":"The Apache Software License, Version 2.0","licenseUrl":"http://www.apache.org/licenses/LICENSE-2.0.txt","normalizedLicense":"apache2","url":"https://developer.android.com/jetpack/androidx","libraryName":"appcompat-resources"},{"artifactId":{"name":"fragment","group":"androidx.fragment","version":"+"},"license":"The Apache Software License, Version 2.0","licenseUrl":"http://www.apache.org/licenses/LICENSE-2.0.txt","normalizedLicense":"apache2","url":"https://developer.android.com/jetpack/androidx","libraryName":"fragment"},{"artifactId":{"name":"recyclerview","group":"androidx.recyclerview","version":"+"},"license":"The Apache Software License, Version 2.0","licenseUrl":"http://www.apache.org/licenses/LICENSE-2.0.txt","normalizedLicense":"apache2","url":"https://developer.android.com/jetpack/androidx","libraryName":"recyclerview"},{"artifactId":{"name":"activity","group":"androidx.activity","version":"+"},"license":"The Apache Software License, Version 2.0","licenseUrl":"http://www.apache.org/licenses/LICENSE-2.0.txt","normalizedLicense":"apache2","url":"https://developer.android.com/jetpack/androidx","libraryName":"activity"},{"artifactId":{"name":"lifecycle-runtime","group":"androidx.lifecycle","version":"+"},"license":"The Apache Software License, Version 2.0","licenseUrl":"http://www.apache.org/licenses/LICENSE-2.0.txt","normalizedLicense":"apache2","url":"https://developer.android.com/topic/libraries/architecture/index.html","libraryName":"lifecycle-runtime"},{"artifactId":{"name":"lifecycle-viewmodel","group":"androidx.lifecycle","version":"+"},"license":"The Apache Software License, Version 2.0","licenseUrl":"http://www.apache.org/licenses/LICENSE-2.0.txt","normalizedLicense":"apache2","url":"https://developer.android.com/topic/libraries/architecture/index.html","libraryName":"lifecycle-viewmodel"},{"artifactId":{"name":"savedstate","group":"androidx.savedstate","version":"+"},"license":"The Apache Software License, Version 2.0","licenseUrl":"http://www.apache.org/licenses/LICENSE-2.0.txt","normalizedLicense":"apache2","url":"https://developer.android.com/jetpack/androidx","libraryName":"savedstate"},{"artifactId":{"name":"lifecycle-livedata-core","group":"androidx.lifecycle","version":"+"},"license":"The Apache Software License, Version 2.0","licenseUrl":"http://www.apache.org/licenses/LICENSE-2.0.txt","normalizedLicense":"apache2","url":"https://developer.android.com/topic/libraries/architecture/index.html","libraryName":"lifecycle-livedata-core"},{"artifactId":{"name":"core-runtime","group":"androidx.arch.core","version":"+"},"license":"The Apache Software License, Version 2.0","licenseUrl":"http://www.apache.org/licenses/LICENSE-2.0.txt","normalizedLicense":"apache2","url":"https://developer.android.com/topic/libraries/architecture/index.html","libraryName":"core-runtime"},{"artifactId":{"name":"lifecycle-common","group":"androidx.lifecycle","version":"+"},"license":"The Apache Software License, Version 2.0","licenseUrl":"http://www.apache.org/licenses/LICENSE-2.0.txt","normalizedLicense":"apache2","url":"https://developer.android.com/topic/libraries/architecture/index.html","libraryName":"lifecycle-common"}]}